Workbook

Sheet cds
A1: [
A2: {
A3: "CatalogNumber": "PCCG-00258 in cardboard box with story book",
A4: "Title": "Ah! My Goddess Original Soundtrack Vol.2 Super PCCG-00258",
A5: "Series": "Ah! My Goddess!",
A6: "Label": "PONY CANYON",
A7: "Year": 1994,
A8: "Description": "Unique Archivistâ€™s Set of this disc. The included 78-page Super Booklet was carefully disassembled to create a high-resolution digital preservation of this material which was uploaded to VGMdb.net. Includes cardboard case in the original glassine envelope, with original advertising sticker. Registration card included. The buyer will receive a thumb drive containing all scans at 600 dpi and a full English translation of the booklet.",
A9: "Condition": "The book's pages are in excellent condition except for having been separated into individual pages for scanning and could be rebound. The paper cover in the CD case has one corner that was folded over. The cardboard case is in excellent condition. The original glassine envelope is in great condition with the sticky edge still fresh. The disc and plastic case are in like new condition.",
A10: "Price": 50,
A11: "Image": "https://raw.githubusercontent.com/davegulliksen/cd-catalog/main/CD/PCCG-00258_cover.jpg",
A12: "PurchaseEmail": "mailto:DaveGUrgent@aol.com?subject=Purchase%20Request%20for%20PCCG-00258",
... A296: null]

Sheet Sheet1
A1: Text | B1: 9 | D1: TEXT | E1: =B5+ROW()+1 -> 4 | F1: \n | G1: {=MID(TRIM(INDEX(cds!A:A,Sheet1!E1)&F1),10,300)} -> "Ah! My Goddess Original Soundtrack Vol.2 Super PCCG-00258",\n
A2: URL | B2: 1 | D2: TEXT | E2: =-1+E1 -> 3 | F2: \n | G2: {=TRIM(INDEX(cds!A:A,Sheet1!E2)&F2)} -> "CatalogNumber": "PCCG-00258 in cardboard box with story book",\n
A3: Link | B3: 1 | D3: TEXT | E3: =2+E2 -> 5 | F3: \n | G3: {=TRIM(INDEX(cds!A:A,Sheet1!E3)&F3)} -> "Series": "Ah! My Goddess!",\n
A4: Data Lines per CD: | B4: 11 | D4: TEXT | E4: =1+E3 -> 6 | F4: \n | G4: {=TRIM(INDEX(cds!A:A,Sheet1!E4)&F4)} -> "Label": "PONY CANYON",\n
A5: header lines: | B5: 2 | D5: TEXT | E5: =1+E4 -> 7 | F5: \n | G5: {=TRIM(INDEX(cds!A:A,Sheet1!E5)&F5)} -> "Year": 1994,\n
A6: footer lines: | B6: 1 | D6: TEXT | E6: =1+E5 -> 8 | F6: \n | G6: {=TRIM(INDEX(cds!A:A,Sheet1!E6)&F6)} -> "Description": "Unique Archivistâ€™s Set of this disc. The included 78-page Super Booklet was carefully disassembled to create a high-resolution digital preservation of this material which was uploaded to VGMdb.net. Includes cardboard case in the original glassine envelope, with original advertising sticker. Registration card included. The buyer will receive a thumb drive containing all scans at 600 dpi and a full English translation of the booklet.",\n
A7: ending lines: | B7: 2 | D7: TEXT | E7: =1+E6 -> 9 | F7: \n | G7: {=TRIM(INDEX(cds!A:A,Sheet1!E7)&F7)} -> "Condition": "The book's pages are in excellent condition except for having been separated into individual pages for scanning and could be rebound. The paper cover in the CD case has one corner that was folded over. The cardboard case is in excellent condition. The original glassine envelope is in great condition with the sticky edge still fresh. The disc and plastic case are in like new condition.",\n
A8: total lines: | B8: =MATCH("null]",cds!A:A,0) -> 296 | D8: TEXT | E8: =1+E7 -> 10 | F8: \n | G8: {=TRIM(INDEX(cds!A:A,Sheet1!E8)&F8)} -> "Price": 50,\n
A9: Total CDs: | B9: =(B8-B7)/SUM(B4:B6) -> 21 | D9: TEXT | E9: =1+E8 -> 11 | G9: {=TRIM(INDEX(cds!A:A,Sheet1!E9))} -> "Image": "https://raw.githubusercontent.com/davegulliksen/cd-catalog/main/CD/PCCG-00258_cover.jpg",
D10: URL | E10: =1+E9 -> 12 | G10: {=TRIM(INDEX(cds!A:A,Sheet1!E10))} -> "PurchaseEmail": "mailto:DaveGUrgent@aol.com?subject=Purchase%20Request%20for%20PCCG-00258",
D11: LINK | E11: =1+E10 -> 13 | G11: {=TRIM(INDEX(cds!A:A,Sheet1!E11))} -> "PurchaseMessenger": "https://www.facebook.com/messages/t/61570931248770?ref=PCCG-00258"
